loss,accuracy,recall,precision,true_positives,true_negatives,false_positives,false_negatives,auc,val_loss,val_accuracy,val_recall,val_precision,val_true_positives,val_true_negatives,val_false_positives,val_false_negatives,val_auc
0.5701079964637756,0.7404744625091553,0.9932258129119873,0.7435402274131775,3079.0,11.0,1062.0,21.0,0.5442247986793518,0.559721052646637,0.743048906326294,1.0,0.743048906326294,775.0,0.0,268.0,0.0,0.6595739126205444
0.5575637817382812,0.7428708076477051,1.0,0.7428708076477051,3100.0,0.0,1073.0,0.0,0.6003574132919312,0.5426278114318848,0.743048906326294,1.0,0.743048906326294,775.0,0.0,268.0,0.0,0.698319673538208
0.5458904504776001,0.7447879314422607,0.9983870983123779,0.7448856830596924,3095.0,13.0,1060.0,5.0,0.6473982930183411,0.5418933033943176,0.743048906326294,1.0,0.743048906326294,775.0,0.0,268.0,0.0,0.6824265718460083
0.5329378247261047,0.7483824491500854,0.9987096786499023,0.7474650144577026,3096.0,27.0,1046.0,4.0,0.6844726800918579,0.5259737372398376,0.7440076470375061,1.0,0.7437620162963867,775.0,1.0,267.0,0.0,0.715110719203949
0.5332838892936707,0.7452672123908997,0.9964516162872314,0.7459551095962524,3089.0,21.0,1052.0,11.0,0.6845659017562866,0.5286605358123779,0.744966447353363,1.0,0.7444764375686646,775.0,2.0,266.0,0.0,0.7045570611953735
0.5271917581558228,0.752216637134552,0.9954838752746582,0.7515830397605896,3086.0,53.0,1020.0,14.0,0.695871114730835,0.5163882970809937,0.743048906326294,0.9987096786499023,0.7435158491134644,774.0,1.0,267.0,1.0,0.7535507678985596
0.5203714370727539,0.7526959180831909,0.9941935539245605,0.75244140625,3082.0,59.0,1014.0,18.0,0.7147022485733032,0.519463837146759,0.7564716935157776,0.9948387145996094,0.7551420331001282,771.0,18.0,250.0,4.0,0.7144078016281128
0.5155403017997742,0.7505391836166382,0.9874193668365479,0.7533841729164124,3061.0,71.0,1002.0,39.0,0.7253572940826416,0.5151610970497131,0.7468839883804321,0.9987096786499023,0.746383786201477,774.0,5.0,263.0,1.0,0.7420125007629395
0.514996349811554,0.7526959180831909,0.9903225898742676,0.7539292573928833,3070.0,71.0,1002.0,30.0,0.7216562032699585,0.5286434292793274,0.7756471633911133,0.9509677290916443,0.7899249792098999,737.0,72.0,196.0,38.0,0.7456451654434204
0.5067769885063171,0.7579678893089294,0.9883871078491211,0.7587915062904358,3064.0,99.0,974.0,36.0,0.7431238889694214,0.5112878680229187,0.7555129528045654,0.9845161437988281,0.7584493160247803,763.0,25.0,243.0,12.0,0.7431222796440125
0.5029262900352478,0.7637191414833069,0.9874193668365479,0.7637225389480591,3061.0,126.0,947.0,39.0,0.7438696622848511,0.519062876701355,0.7785235047340393,0.9664515852928162,0.7851153016090393,749.0,63.0,205.0,26.0,0.7273832559585571
0.5049893260002136,0.7598849534988403,0.985161304473877,0.7615960240364075,3054.0,117.0,956.0,46.0,0.7415039539337158,0.5095981955528259,0.7468839883804321,0.9922580718994141,0.7487828731536865,769.0,10.0,258.0,6.0,0.7431271076202393
0.49846595525741577,0.7649173140525818,0.9841935634613037,0.7660055160522461,3051.0,141.0,932.0,49.0,0.7493853569030762,0.5219650268554688,0.7583892345428467,0.9561290144920349,0.77267986536026,741.0,50.0,218.0,34.0,0.7000914812088013
0.49722060561180115,0.7661154866218567,0.9803225994110107,0.7685887813568115,3039.0,158.0,915.0,61.0,0.752184271812439,0.4979737401008606,0.7545541524887085,0.9896774291992188,0.7556650042533875,767.0,20.0,248.0,8.0,0.7618175148963928
0.49272552132606506,0.7709082365036011,0.973548412322998,0.7754368185997009,3018.0,199.0,874.0,82.0,0.757598876953125,0.4997904300689697,0.7555129528045654,0.9987096786499023,0.7529183030128479,774.0,14.0,254.0,1.0,0.7825638055801392
0.49461567401885986,0.7709082365036011,0.9767742156982422,0.7740286588668823,3028.0,189.0,884.0,72.0,0.7520334720611572,0.49405553936958313,0.7593480348587036,0.9974193572998047,0.7563600540161133,773.0,19.0,249.0,2.0,0.7828791737556458
0.48786839842796326,0.7709082365036011,0.9767742156982422,0.7740286588668823,3028.0,189.0,884.0,72.0,0.7667442560195923,0.5023661255836487,0.7574304938316345,0.9922580718994141,0.7568897604942322,769.0,21.0,247.0,6.0,0.7602744102478027
0.4922211468219757,0.7740234732627869,0.9764516353607178,0.7767513394355774,3027.0,203.0,870.0,73.0,0.7539622187614441,0.5120018720626831,0.7842761278152466,0.9122580885887146,0.8182870149612427,707.0,111.0,157.0,68.0,0.7636542916297913
0.498261421918869,0.7663551568984985,0.9674193263053894,0.7743351459503174,2999.0,199.0,874.0,101.0,0.7447157502174377,0.49581626057624817,0.7775647044181824,0.9561290144920349,0.7891373634338379,741.0,70.0,198.0,34.0,0.7560808658599854
0.4905320703983307,0.7704289555549622,0.9712903499603271,0.7760308980941772,3011.0,204.0,869.0,89.0,0.7599128484725952,0.498492956161499,0.772770881652832,0.940645158290863,0.792391300201416,729.0,77.0,191.0,46.0,0.7628791332244873
0.4917159378528595,0.772825300693512,0.9745161533355713,0.7766066789627075,3021.0,204.0,869.0,79.0,0.755656898021698,0.49354103207588196,0.7603068351745605,0.9690322875976562,0.7686796188354492,751.0,42.0,226.0,24.0,0.7576793432235718
0.4854474663734436,0.7771387696266174,0.9667741656303406,0.7837343215942383,2997.0,246.0,827.0,103.0,0.7642987966537476,0.47500839829444885,0.769894540309906,0.948387086391449,0.7860962748527527,735.0,68.0,200.0,40.0,0.7907606959342957
0.48200008273124695,0.7745027542114258,0.9658064246177673,0.7819274067878723,2994.0,238.0,835.0,106.0,0.7695258855819702,0.4957706034183502,0.769894540309906,0.9780645370483398,0.772680938243866,758.0,45.0,223.0,17.0,0.7474097013473511
0.4805930554866791,0.7797747254371643,0.9680644869804382,0.7853965163230896,3001.0,253.0,820.0,99.0,0.7705578207969666,0.4831741452217102,0.7535954117774963,0.9832258224487305,0.7574552893638611,762.0,24.0,244.0,13.0,0.7966875433921814
0.4716949164867401,0.7850467562675476,0.9603225588798523,0.7936550378799438,2977.0,299.0,774.0,123.0,0.7838788032531738,0.49390414357185364,0.7622243762016296,0.9780645370483398,0.7664307355880737,758.0,37.0,231.0,17.0,0.7593692541122437
0.4754219353199005,0.7848070859909058,0.9612902998924255,0.7929750084877014,2980.0,295.0,778.0,120.0,0.7760233879089355,0.5117172598838806,0.7545541524887085,0.8864516019821167,0.8035087585449219,687.0,100.0,168.0,88.0,0.7449686527252197
0.4858831465244293,0.7783369421958923,0.9580644965171814,0.788844645023346,2970.0,278.0,795.0,130.0,0.7598105669021606,0.4849545359611511,0.7689357399940491,0.9651612639427185,0.777546763420105,748.0,54.0,214.0,27.0,0.7674264907836914
0.4712004065513611,0.782410740852356,0.9567741751670837,0.7930481433868408,2966.0,299.0,774.0,134.0,0.7834982872009277,0.48476341366767883,0.7651006579399109,0.9496774077415466,0.781316339969635,736.0,62.0,206.0,39.0,0.7648748159408569
0.47731640934944153,0.7807332873344421,0.9567741751670837,0.7915666103363037,2966.0,292.0,781.0,134.0,0.770506739616394,0.4828290343284607,0.7718120813369751,0.9574193358421326,0.7835268974304199,742.0,63.0,205.0,33.0,0.7667597532272339
0.4768107831478119,0.7797747254371643,0.9596773982048035,0.7893340587615967,2975.0,279.0,794.0,125.0,0.7754351496696472,0.4640580117702484,0.7852349281311035,0.9819355010986328,0.7837281227111816,761.0,58.0,210.0,14.0,0.7981632351875305
0.48502030968666077,0.7754613161087036,0.953870952129364,0.7883231043815613,2957.0,279.0,794.0,143.0,0.7601704597473145,0.4990120828151703,0.7622243762016296,0.9858064651489258,0.7632367610931396,764.0,31.0,237.0,11.0,0.7611410617828369
0.47364118695259094,0.7821710705757141,0.957741916179657,0.7923672199249268,2969.0,295.0,778.0,131.0,0.7799081802368164,0.48637625575065613,0.7612655758857727,0.9599999785423279,0.7733888030052185,744.0,50.0,218.0,31.0,0.7722171545028687
0.4756316840648651,0.7838485240936279,0.9622580409049988,0.7916666865348816,2983.0,288.0,785.0,117.0,0.7728527188301086,0.4856623709201813,0.7708532810211182,0.9780645370483398,0.7734693884849548,758.0,46.0,222.0,17.0,0.7743620276451111
0.46620282530784607,0.7891205549240112,0.959354817867279,0.7977467775344849,2974.0,319.0,754.0,126.0,0.7887406349182129,0.4764908254146576,0.7766059637069702,0.9341935515403748,0.7991169691085815,724.0,86.0,182.0,51.0,0.7799952030181885
0.46881598234176636,0.782650351524353,0.9541935324668884,0.7945205569267273,2958.0,308.0,765.0,142.0,0.783847987651825,0.46760547161102295,0.7775647044181824,0.9625806212425232,0.786090612411499,746.0,65.0,203.0,29.0,0.7902358770370483
0.4718722403049469,0.7804936766624451,0.9525806307792664,0.7933906316757202,2953.0,304.0,769.0,147.0,0.7821908593177795,0.49781039357185364,0.7622243762016296,0.9870967864990234,0.7627118825912476,765.0,30.0,238.0,10.0,0.7656956911087036
0.4593769609928131,0.7891205549240112,0.9554838538169861,0.7996760010719299,2962.0,331.0,742.0,138.0,0.7982463836669922,0.484160840511322,0.7718120813369751,0.944516122341156,0.7896440029144287,732.0,73.0,195.0,43.0,0.7662951350212097
0.4597117006778717,0.7893601655960083,0.9541935324668884,0.8005412817001343,2958.0,336.0,737.0,142.0,0.7957714200019836,0.4734223783016205,0.772770881652832,0.9574193358421326,0.7843551635742188,742.0,64.0,204.0,33.0,0.7807053327560425
0.47314196825027466,0.7814521789550781,0.9503225684165955,0.7953563928604126,2946.0,315.0,758.0,154.0,0.7769580483436584,0.47737085819244385,0.7756471633911133,0.9625806212425232,0.7844374179840088,746.0,63.0,205.0,29.0,0.773483395576477
0.4649434983730316,0.7848070859909058,0.9545161128044128,0.7962863445281982,2959.0,316.0,757.0,141.0,0.7896887063980103,0.4791679084300995,0.76701819896698,0.9716129302978516,0.7731006145477295,753.0,47.0,221.0,22.0,0.7780140042304993
0.46323147416114807,0.7900790572166443,0.9554838538169861,0.800540566444397,2962.0,335.0,738.0,138.0,0.7921253442764282,0.4668641686439514,0.7785235047340393,0.9703226089477539,0.7833333611488342,752.0,60.0,208.0,23.0,0.7955055236816406
0.4640877842903137,0.7872034311294556,0.953870952129364,0.7987574338912964,2957.0,328.0,745.0,143.0,0.7885881662368774,0.4790094494819641,0.7785235047340393,0.9561290144920349,0.7899786829948425,741.0,71.0,197.0,34.0,0.7696750164031982
0.4618367850780487,0.7893601655960083,0.9506451487541199,0.8023414015769958,2947.0,347.0,726.0,153.0,0.7953715920448303,0.46215322613716125,0.7804410457611084,0.9316129088401794,0.8040089011192322,722.0,92.0,176.0,53.0,0.7988709807395935
0.4592946767807007,0.7879223823547363,0.9493548274040222,0.8016889095306396,2943.0,345.0,728.0,157.0,0.798987627029419,0.4718482494354248,0.7718120813369751,0.9161290526390076,0.8040770292282104,710.0,95.0,173.0,65.0,0.7877683639526367
0.46080154180526733,0.7867241501808167,0.9477419257164001,0.8014184236526489,2938.0,345.0,728.0,162.0,0.795747697353363,0.4770297706127167,0.7603068351745605,0.9148387312889099,0.7939529418945312,709.0,84.0,184.0,66.0,0.7761796116828918
0.4565106928348541,0.7900790572166443,0.9470967650413513,0.8048245906829834,2936.0,361.0,712.0,164.0,0.8009584546089172,0.47901755571365356,0.7651006579399109,0.9432258009910583,0.7843347787857056,731.0,67.0,201.0,44.0,0.7697713375091553
0.45600900053977966,0.7912772297859192,0.9516128897666931,0.8035957217216492,2950.0,352.0,721.0,150.0,0.8010442852973938,0.4903849959373474,0.7631831169128418,0.9780645370483398,0.7672064900398254,758.0,38.0,230.0,17.0,0.7799782752990723
0.4637066125869751,0.7862449288368225,0.9561290144920349,0.7967742085456848,2964.0,317.0,756.0,136.0,0.7925426363945007,0.46310558915138245,0.7852349281311035,0.948387086391449,0.799782395362854,735.0,84.0,184.0,40.0,0.7905945777893066
0.4615461528301239,0.7864845395088196,0.9458064436912537,0.8021887540817261,2932.0,350.0,723.0,168.0,0.7933065295219421,0.46747612953186035,0.7833173274993896,0.9354838728904724,0.8046615123748779,725.0,92.0,176.0,50.0,0.7859629392623901
0.4513694941997528,0.7984663248062134,0.9570967555046082,0.8073469400405884,2967.0,365.0,708.0,133.0,0.8064754009246826,0.47426384687423706,0.7718120813369751,0.9690322875976562,0.7782383561134338,751.0,54.0,214.0,24.0,0.783444881439209
0.45853951573371887,0.7903187274932861,0.9532257914543152,0.8018996119499207,2955.0,343.0,730.0,145.0,0.7981826663017273,0.4727495312690735,0.7766059637069702,0.9419354796409607,0.7952069640159607,730.0,80.0,188.0,45.0,0.7817308902740479
0.44373881816864014,0.8008626699447632,0.9545161128044128,0.8109071254730225,2959.0,383.0,690.0,141.0,0.8155823349952698,0.45688191056251526,0.772770881652832,0.9548386931419373,0.7855626344680786,740.0,66.0,202.0,35.0,0.8082209825515747
0.43995848298072815,0.7987059950828552,0.9512903094291687,0.8106102347373962,2949.0,384.0,689.0,151.0,0.8204431533813477,0.4577682912349701,0.7813997864723206,0.9225806593894958,0.8097395300865173,715.0,100.0,168.0,60.0,0.8027997016906738
0.45039141178131104,0.7898394465446472,0.9490322470664978,0.8036055564880371,2942.0,354.0,719.0,158.0,0.8117464780807495,0.46964648365974426,0.7766059637069702,0.9393548369407654,0.7964988946914673,728.0,82.0,186.0,47.0,0.7854742407798767
0.448108971118927,0.8032590746879578,0.9509677290916443,0.815040111541748,2948.0,404.0,669.0,152.0,0.808776319026947,0.4533251225948334,0.7823585867881775,0.9548386931419373,0.7939913868904114,740.0,76.0,192.0,35.0,0.8079200983047485
0.44467291235923767,0.7979870438575745,0.9506451487541199,0.8102831840515137,2947.0,383.0,690.0,153.0,0.8173965215682983,0.4576178789138794,0.794822633266449,0.9238709807395935,0.8220436573028564,716.0,113.0,155.0,59.0,0.8033943176269531
0.43744364380836487,0.8063743114471436,0.9535483717918396,0.8165745735168457,2956.0,409.0,664.0,144.0,0.8186243176460266,0.4785585403442383,0.7737296223640442,0.9625806212425232,0.7827911972999573,746.0,61.0,207.0,29.0,0.7770991921424866
0.44139301776885986,0.8027797937393188,0.949999988079071,0.8151121139526367,2945.0,405.0,668.0,155.0,0.8169615268707275,0.46435001492500305,0.7842761278152466,0.9354838728904724,0.8055555820465088,725.0,93.0,175.0,50.0,0.7915286421775818
0.4444373548030853,0.7999041676521301,0.9496774077415466,0.81258624792099,2944.0,394.0,679.0,156.0,0.8154931664466858,0.464294970035553,0.772770881652832,0.9187096953392029,0.8036117553710938,712.0,94.0,174.0,63.0,0.7935218811035156
0.4447312653064728,0.7951114177703857,0.9477419257164001,0.8091434836387634,2938.0,380.0,693.0,162.0,0.8192363381385803,0.45748981833457947,0.7813997864723206,0.9561290144920349,0.792513370513916,741.0,74.0,194.0,34.0,0.8018560409545898
0.4393104314804077,0.801581621170044,0.9461290240287781,0.8160823583602905,2933.0,412.0,661.0,167.0,0.8191210627555847,0.4705406725406647,0.7785235047340393,0.9793548583984375,0.7792607545852661,759.0,53.0,215.0,16.0,0.7923182249069214
0.4356805086135864,0.8066139221191406,0.9548386931419373,0.8161014318466187,2960.0,406.0,667.0,140.0,0.8266105055809021,0.46861106157302856,0.7804410457611084,0.9174193739891052,0.8116438388824463,711.0,103.0,165.0,64.0,0.7849662899971008
0.43475911021232605,0.8034986853599548,0.9474193453788757,0.8171952962875366,2937.0,416.0,657.0,163.0,0.824666440486908,0.4750409424304962,0.7746884226799011,0.9677419066429138,0.78125,750.0,58.0,210.0,25.0,0.7883822917938232
0.435996413230896,0.8030194044113159,0.9458064436912537,0.8176240921020508,2932.0,419.0,654.0,168.0,0.8225372433662415,0.46802809834480286,0.7708532810211182,0.9716129302978516,0.7762886881828308,753.0,51.0,217.0,22.0,0.7964636087417603
0.4375639259815216,0.8063743114471436,0.9467741847038269,0.8202906847000122,2935.0,430.0,643.0,165.0,0.8214573860168457,0.4424992799758911,0.7909875512123108,0.9561290144920349,0.8010810613632202,741.0,84.0,184.0,34.0,0.8197616934776306
0.4362899661064148,0.7972681522369385,0.9477419257164001,0.8111540675163269,2938.0,389.0,684.0,162.0,0.8229596018791199,0.4532041847705841,0.7804410457611084,0.9329032301902771,0.8033333420753479,723.0,91.0,177.0,52.0,0.8029224872589111
0.4275524616241455,0.8152408599853516,0.953870952129364,0.824825644493103,2957.0,445.0,628.0,143.0,0.8319070339202881,0.4471195340156555,0.7890700101852417,0.948387086391449,0.8032786846160889,735.0,88.0,180.0,40.0,0.8130476474761963
0.4314568340778351,0.8090103268623352,0.9564515948295593,0.8174800276756287,2965.0,411.0,662.0,135.0,0.8271663784980774,0.4468717575073242,0.7766059637069702,0.9367741942405701,0.797802209854126,726.0,84.0,184.0,49.0,0.8167741894721985
0.4273226261138916,0.8094895482063293,0.9487096667289734,0.8221973776817322,2941.0,437.0,636.0,159.0,0.8329762816429138,0.45348814129829407,0.7842761278152466,0.9574193358421326,0.794432520866394,742.0,76.0,192.0,33.0,0.8076095581054688
0.4272540807723999,0.8140426278114319,0.9522580504417419,0.8245810270309448,2952.0,445.0,628.0,148.0,0.83272784948349,0.4523999094963074,0.7890700101852417,0.9109677672386169,0.8238039612770081,706.0,117.0,151.0,69.0,0.80793696641922
0.42706298828125,0.8080517649650574,0.9516128897666931,0.8192169070243835,2950.0,422.0,651.0,150.0,0.8360755443572998,0.46083998680114746,0.7756471633911133,0.9651612639427185,0.7832460999488831,748.0,61.0,207.0,27.0,0.8094607591629028
0.43466734886169434,0.7963095903396606,0.9438709616661072,0.8123264908790588,2926.0,397.0,676.0,174.0,0.8275691270828247,0.47078412771224976,0.7775647044181824,0.9703226089477539,0.782518208026886,752.0,59.0,209.0,23.0,0.7969764471054077
0.42329108715057373,0.8094895482063293,0.9458064436912537,0.8238269090652466,2932.0,446.0,627.0,168.0,0.8380217552185059,0.45009785890579224,0.7756471633911133,0.9599999785423279,0.7856388688087463,744.0,65.0,203.0,31.0,0.8150914907455444
0.4246080219745636,0.8130841255187988,0.9474193453788757,0.8263927698135376,2937.0,456.0,617.0,163.0,0.8356782793998718,0.4555806517601013,0.7813997864723206,0.944516122341156,0.798255205154419,732.0,83.0,185.0,43.0,0.8059773445129395
0.4271172881126404,0.8094895482063293,0.9493548274040222,0.8218374848365784,2943.0,435.0,638.0,157.0,0.8318748474121094,0.43671101331710815,0.8005752563476562,0.9238709807395935,0.8277456760406494,716.0,119.0,149.0,59.0,0.8289792537689209
0.42580941319465637,0.8054157495498657,0.9467741847038269,0.819374680519104,2935.0,426.0,647.0,165.0,0.8352941870689392,0.4581414759159088,0.7813997864723206,0.9625806212425232,0.7894179821014404,746.0,69.0,199.0,29.0,0.8057678937911987
0.4243459403514862,0.8044572472572327,0.9451612830162048,0.8193512558937073,2930.0,427.0,646.0,170.0,0.837291419506073,0.4499490261077881,0.7909875512123108,0.9625806212425232,0.7978609800338745,746.0,79.0,189.0,29.0,0.8141140937805176
0.4175127148628235,0.8075724840164185,0.9441935420036316,0.8228844404220581,2927.0,443.0,630.0,173.0,0.8434649705886841,0.4406370222568512,0.8063278794288635,0.9174193739891052,0.8374558091163635,711.0,130.0,138.0,64.0,0.8257437944412231
0.4224075675010681,0.8140426278114319,0.9490322470664978,0.8264045119285583,2942.0,455.0,618.0,158.0,0.8374348878860474,0.4465846121311188,0.797698974609375,0.9703226089477539,0.800000011920929,752.0,80.0,188.0,23.0,0.8191526532173157
0.42638731002807617,0.8097292184829712,0.9480645060539246,0.8227883577346802,2939.0,440.0,633.0,161.0,0.8327644467353821,0.4332050681114197,0.8082454204559326,0.944516122341156,0.8233970999717712,732.0,111.0,157.0,43.0,0.8325228095054626
0.4208683967590332,0.8185957074165344,0.9493548274040222,0.8306519985198975,2943.0,473.0,600.0,157.0,0.8386354446411133,0.4618515372276306,0.7708532810211182,0.9561290144920349,0.7832980751991272,741.0,63.0,205.0,34.0,0.8013529181480408
0.4158678948879242,0.811406672000885,0.9470967650413513,0.8249508142471313,2936.0,450.0,623.0,164.0,0.84557044506073,0.44589224457740784,0.7852349281311035,0.9574193358421326,0.7952840328216553,742.0,77.0,191.0,33.0,0.8196388483047485
0.424720823764801,0.8073328733444214,0.9399999976158142,0.8250283002853394,2914.0,455.0,618.0,186.0,0.834721028804779,0.4408416152000427,0.7871524691581726,0.9380645155906677,0.8068812489509583,727.0,94.0,174.0,48.0,0.8211025595664978
0.4169057607650757,0.8099688291549683,0.9435483813285828,0.8255715370178223,2925.0,455.0,618.0,175.0,0.8453048467636108,0.4465206265449524,0.7986577153205872,0.9599999785423279,0.806067168712616,744.0,89.0,179.0,31.0,0.8154934644699097
0.4084530472755432,0.8147615790367126,0.9422580599784851,0.8310099840164185,2921.0,479.0,594.0,179.0,0.8535200953483582,0.4378226101398468,0.8034515976905823,0.9522580504417419,0.8145695328712463,738.0,100.0,168.0,37.0,0.8192874193191528
0.4228938817977905,0.8090103268623352,0.9470967650413513,0.8226394057273865,2936.0,440.0,633.0,164.0,0.8363031148910522,0.4391076862812042,0.7871524691581726,0.948387086391449,0.8015267252922058,735.0,86.0,182.0,40.0,0.8215045928955078
0.41988256573677063,0.8099688291549683,0.944516122341156,0.8250211477279663,2928.0,452.0,621.0,172.0,0.8412539958953857,0.46296426653862,0.7794822454452515,0.8825806379318237,0.8311057090759277,684.0,129.0,139.0,91.0,0.7969186305999756
0.41318458318710327,0.8118859529495239,0.939032256603241,0.8300541639328003,2911.0,477.0,596.0,189.0,0.847379207611084,0.4397278428077698,0.7804410457611084,0.9161290526390076,0.8123570084571838,710.0,104.0,164.0,65.0,0.8230379819869995
0.40914538502693176,0.8181164860725403,0.9474193453788757,0.8313048481941223,2937.0,477.0,596.0,163.0,0.8540107607841492,0.4343775808811188,0.7871524691581726,0.9509677290916443,0.8002171516418457,737.0,84.0,184.0,38.0,0.8298652172088623
0.4091639816761017,0.8142822980880737,0.9396774172782898,0.8320479989051819,2913.0,485.0,588.0,187.0,0.8500894904136658,0.44660404324531555,0.7900287508964539,0.9561290144920349,0.8002159595489502,741.0,83.0,185.0,34.0,0.8164035081863403
0.41245314478874207,0.8176372051239014,0.9548386931419373,0.8265847563743591,2960.0,452.0,621.0,140.0,0.8472382426261902,0.4284287393093109,0.8063278794288635,0.9212903380393982,0.8350877165794373,714.0,127.0,141.0,61.0,0.8337000608444214
0.4125804305076599,0.8157200813293457,0.9461290240287781,0.8297029733657837,2933.0,471.0,602.0,167.0,0.8492905497550964,0.4286850392818451,0.7957813739776611,0.9367741942405701,0.8157303333282471,726.0,104.0,164.0,49.0,0.8282354474067688
0.41004759073257446,0.8157200813293457,0.9470967650413513,0.829144299030304,2936.0,468.0,605.0,164.0,0.8497405648231506,0.4205974042415619,0.7957813739776611,0.948387086391449,0.8094713687896729,735.0,95.0,173.0,40.0,0.8455705642700195
0.4071798026561737,0.8243470191955566,0.9512903094291687,0.8351741433143616,2949.0,491.0,582.0,151.0,0.8519565463066101,0.4354307949542999,0.7852349281311035,0.9458064436912537,0.8010929226875305,733.0,86.0,182.0,42.0,0.8261964321136475
0.4028426706790924,0.8221902847290039,0.9493548274040222,0.8341836929321289,2943.0,488.0,585.0,157.0,0.8568091988563538,0.4436523914337158,0.7909875512123108,0.9187096953392029,0.8212226033210754,712.0,113.0,155.0,63.0,0.8130091428756714
0.39772456884384155,0.8195542693138123,0.9470967650413513,0.8329077959060669,2936.0,484.0,589.0,164.0,0.8646528720855713,0.43482449650764465,0.8015340566635132,0.9096774458885193,0.8372921347618103,705.0,131.0,137.0,70.0,0.8253948092460632
0.40410417318344116,0.8188353776931763,0.9435483813285828,0.8342840671539307,2925.0,492.0,581.0,175.0,0.8565376996994019,0.4279211759567261,0.8053691387176514,0.9458064436912537,0.8199105262756348,733.0,107.0,161.0,42.0,0.8298772573471069
0.4009571075439453,0.8197939395904541,0.9470967650413513,0.8331441283226013,2936.0,485.0,588.0,164.0,0.8589956760406494,0.4364374577999115,0.7881112098693848,0.8722580671310425,0.8471177816390991,676.0,146.0,122.0,99.0,0.8327130675315857
0.40551427006721497,0.8193146586418152,0.9451612830162048,0.833807647228241,2930.0,489.0,584.0,170.0,0.8510847091674805,0.4456254839897156,0.7813997864723206,0.9522580504417419,0.7944025993347168,738.0,77.0,191.0,37.0,0.8222026824951172
0.4015525281429291,0.8248262405395508,0.9512903094291687,0.835647463798523,2949.0,493.0,580.0,151.0,0.8571960926055908,0.44289731979370117,0.7871524691581726,0.9496774077415466,0.8008705377578735,736.0,85.0,183.0,39.0,0.820999026298523
0.40302878618240356,0.8236280679702759,0.9467741847038269,0.8371363282203674,2935.0,502.0,571.0,165.0,0.8557517528533936,0.4337303042411804,0.8005752563476562,0.9316129088401794,0.8232611417770386,722.0,113.0,155.0,53.0,0.8270004987716675
0.4006768763065338,0.821711003780365,0.9409677386283875,0.8387004137039185,2917.0,512.0,561.0,183.0,0.8594837188720703,0.42249417304992676,0.8063278794288635,0.9612902998924255,0.8124318718910217,745.0,96.0,172.0,30.0,0.8423351049423218
0.40403032302856445,0.8233884572982788,0.9448387026786804,0.838054358959198,2929.0,507.0,566.0,171.0,0.8545107841491699,0.4346297085285187,0.793863832950592,0.9032257795333862,0.8333333134651184,700.0,128.0,140.0,75.0,0.8249880075454712
0.40295901894569397,0.8229091763496399,0.9441935420036316,0.8379616141319275,2927.0,507.0,566.0,173.0,0.8561946153640747,0.4262907803058624,0.797698974609375,0.9677419066429138,0.8012820482254028,750.0,82.0,186.0,25.0,0.8433269262313843
0.40017709136009216,0.8248262405395508,0.9454838633537292,0.8391067981719971,2931.0,511.0,562.0,169.0,0.859699547290802,0.4164605438709259,0.7996165156364441,0.9225806593894958,0.8275462985038757,715.0,119.0,149.0,60.0,0.8451564908027649
0.4026569128036499,0.821711003780365,0.9435483813285828,0.8371493816375732,2925.0,504.0,569.0,175.0,0.856570303440094,0.4128938317298889,0.8005752563476562,0.9006451368331909,0.8419783115386963,698.0,137.0,131.0,77.0,0.8480091094970703
0.39546483755111694,0.8238677382469177,0.940645158290863,0.8410729765892029,2916.0,522.0,551.0,184.0,0.8623166680335999,0.44075173139572144,0.7785235047340393,0.940645158290863,0.7975929975509644,729.0,83.0,185.0,46.0,0.8231102824211121
0.3960001766681671,0.8255451917648315,0.9477419257164001,0.8384703397750854,2938.0,507.0,566.0,162.0,0.8639912009239197,0.4401814043521881,0.7813997864723206,0.8825806379318237,0.8331303000450134,684.0,131.0,137.0,91.0,0.8280284404754639
0.3906356990337372,0.8289000988006592,0.9396774172782898,0.8468023538589478,2913.0,546.0,527.0,187.0,0.8642096519470215,0.41652554273605347,0.8101630210876465,0.9174193739891052,0.8414201140403748,711.0,134.0,134.0,64.0,0.8447327613830566
0.3945567309856415,0.8274622559547424,0.940645158290863,0.8447276949882507,2916.0,537.0,536.0,184.0,0.8622197508811951,0.4355546534061432,0.7986577153205872,0.885161280632019,0.8500619530677795,686.0,147.0,121.0,89.0,0.8327780365943909
0.39857640862464905,0.821711003780365,0.9399999976158142,0.8392857313156128,2914.0,515.0,558.0,186.0,0.8575197458267212,0.4538709819316864,0.7746884226799011,0.9832258224487305,0.7743902206420898,762.0,46.0,222.0,13.0,0.8426769375801086
0.40226098895072937,0.8214713931083679,0.9383870959281921,0.8400231003761292,2909.0,519.0,554.0,191.0,0.8559033870697021,0.4460613429546356,0.8015340566635132,0.9690322875976562,0.8040685057640076,751.0,85.0,183.0,24.0,0.8167068362236023
0.3875434994697571,0.8281811475753784,0.9464516043663025,0.8418938517570496,2934.0,522.0,551.0,166.0,0.8678277730941772,0.42382603883743286,0.8053691387176514,0.9587096571922302,0.812910258769989,743.0,97.0,171.0,32.0,0.8360809087753296
0.395779013633728,0.8233884572982788,0.9422580599784851,0.8396090865135193,2921.0,515.0,558.0,179.0,0.8608204126358032,0.4343842566013336,0.7957813739776611,0.9638709425926208,0.8015021681785583,747.0,83.0,185.0,28.0,0.83109050989151
0.393395334482193,0.8257848024368286,0.9467741847038269,0.8392907977104187,2935.0,511.0,562.0,165.0,0.8629175424575806,0.41413864493370056,0.8120805621147156,0.9393548369407654,0.8301026225090027,728.0,119.0,149.0,47.0,0.8475469350814819
0.39734768867492676,0.8269829750061035,0.9432258009910583,0.8426513075828552,2924.0,527.0,546.0,176.0,0.8580368757247925,0.41811269521713257,0.8053691387176514,0.9045161008834839,0.8445783257484436,701.0,139.0,129.0,74.0,0.8452647924423218
0.3983533978462219,0.8253055214881897,0.9403225779533386,0.8427290916442871,2915.0,529.0,544.0,185.0,0.8592963814735413,0.4384779930114746,0.793863832950592,0.9380645155906677,0.8131991028785706,727.0,101.0,167.0,48.0,0.8208377361297607
0.3908313810825348,0.8202731609344482,0.9348387122154236,0.8409750461578369,2898.0,525.0,548.0,202.0,0.8691553473472595,0.4372442066669464,0.7957813739776611,0.9599999785423279,0.8034557104110718,744.0,86.0,182.0,31.0,0.833001971244812
0.4024753272533417,0.8176372051239014,0.9377419352531433,0.836546778678894,2907.0,505.0,568.0,193.0,0.8548610806465149,0.4347933530807495,0.7900287508964539,0.8838709592819214,0.8415233492851257,685.0,139.0,129.0,90.0,0.8320100903511047
0.3950110673904419,0.822429895401001,0.9387096762657166,0.840797483921051,2910.0,522.0,551.0,190.0,0.8624973893165588,0.4224431812763214,0.7929050922393799,0.9496774077415466,0.8061336278915405,736.0,91.0,177.0,39.0,0.8423423767089844
0.39204737544059753,0.8202731609344482,0.9348387122154236,0.8409750461578369,2898.0,525.0,548.0,202.0,0.8637218475341797,0.4133683741092682,0.8015340566635132,0.9148387312889099,0.8341176509857178,709.0,127.0,141.0,66.0,0.8481030464172363
0.38796156644821167,0.8303378820419312,0.9435483813285828,0.8458646535873413,2925.0,540.0,533.0,175.0,0.8711336851119995,0.447209894657135,0.7890700101852417,0.9470967650413513,0.8039430379867554,734.0,89.0,179.0,41.0,0.8139336109161377
0.39215871691703796,0.821711003780365,0.9354838728904724,0.8420441150665283,2900.0,529.0,544.0,200.0,0.8651232719421387,0.41380971670150757,0.8101630210876465,0.9264516234397888,0.8358556628227234,718.0,127.0,141.0,57.0,0.8455536365509033
0.39047256112098694,0.8284208178520203,0.9393548369407654,0.8465116024017334,2912.0,545.0,528.0,188.0,0.8670713901519775,0.44921112060546875,0.7775647044181824,0.9341935515403748,0.800000011920929,724.0,87.0,181.0,51.0,0.8163360357284546
0.38350921869277954,0.8229091763496399,0.9370967745780945,0.8422731161117554,2905.0,529.0,544.0,195.0,0.8737021684646606,0.42950692772865295,0.8024927973747253,0.9574193358421326,0.8109289407730103,742.0,95.0,173.0,33.0,0.8337217569351196
0.37993013858795166,0.831296443939209,0.9416128993034363,0.8480534553527832,2919.0,550.0,523.0,181.0,0.8747767210006714,0.4226456880569458,0.7996165156364441,0.9083871245384216,0.8361045122146606,704.0,130.0,138.0,71.0,0.8375204801559448
0.38578227162361145,0.8245866298675537,0.9335483908653259,0.8461988568305969,2894.0,547.0,526.0,206.0,0.8712804317474365,0.4286734163761139,0.7986577153205872,0.9290322661399841,0.822857141494751,720.0,113.0,155.0,55.0,0.8258473873138428
0.38119471073150635,0.8336927890777588,0.944516122341156,0.8486956357955933,2928.0,551.0,522.0,172.0,0.8751001358032227,0.40771764516830444,0.8024927973747253,0.9612902998924255,0.8089033365249634,745.0,92.0,176.0,30.0,0.8646148443222046
0.3884933888912201,0.8262640833854675,0.9387096762657166,0.8447024822235107,2910.0,538.0,535.0,190.0,0.8678889274597168,0.41208764910697937,0.8120805621147156,0.9200000166893005,0.8417945504188538,713.0,134.0,134.0,62.0,0.845996618270874
0.37799981236457825,0.8348909616470337,0.944516122341156,0.8499274253845215,2928.0,556.0,517.0,172.0,0.8761788606643677,0.4370150566101074,0.7929050922393799,0.9651612639427185,0.7982923984527588,748.0,79.0,189.0,27.0,0.8393427133560181
0.38223111629486084,0.831296443939209,0.9432258009910583,0.8470451831817627,2924.0,545.0,528.0,176.0,0.8737156987190247,0.41736674308776855,0.8082454204559326,0.9496774077415466,0.8205128312110901,736.0,107.0,161.0,39.0,0.8435772657394409
0.3839491903781891,0.8370476961135864,0.9403225779533386,0.8548387289047241,2915.0,578.0,495.0,185.0,0.8711347579956055,0.41595613956451416,0.8101630210876465,0.9587096571922302,0.817381739616394,743.0,102.0,166.0,32.0,0.843064546585083
0.38224831223487854,0.8339323997497559,0.9454838633537292,0.8483357429504395,2931.0,549.0,524.0,169.0,0.8747974038124084,0.42027443647384644,0.8024927973747253,0.9006451368331909,0.8440145254135132,698.0,139.0,129.0,77.0,0.8459436893463135
0.385711669921875,0.8269829750061035,0.9409677386283875,0.8440393805503845,2917.0,534.0,539.0,183.0,0.8695475459098816,0.4174802303314209,0.7986577153205872,0.9290322661399841,0.822857141494751,720.0,113.0,155.0,55.0,0.8453177809715271
0.38518649339675903,0.8274622559547424,0.9348387122154236,0.8483606576919556,2898.0,555.0,518.0,202.0,0.8707440495491028,0.4209762215614319,0.8111217617988586,0.9470967650413513,0.8247190713882446,734.0,112.0,156.0,41.0,0.8368440866470337
0.3784113824367523,0.8305774927139282,0.9403225779533386,0.8481233716011047,2915.0,551.0,522.0,185.0,0.8772481679916382,0.4008943736553192,0.8092042207717896,0.9329032301902771,0.8310344815254211,723.0,121.0,147.0,52.0,0.8573399186134338
0.3819318115711212,0.8293793201446533,0.9387096762657166,0.8479021191596985,2910.0,551.0,522.0,190.0,0.8747671842575073,0.4098082184791565,0.8063278794288635,0.9535483717918396,0.8165745735168457,739.0,102.0,166.0,36.0,0.8513866066932678
0.3873085379600525,0.8300982713699341,0.9393548369407654,0.8482376933097839,2912.0,552.0,521.0,188.0,0.868532657623291,0.4040576219558716,0.821668267250061,0.9316129088401794,0.8444444537162781,722.0,135.0,133.0,53.0,0.853697657585144
0.3770914077758789,0.8303378820419312,0.9387096762657166,0.8488914966583252,2910.0,555.0,518.0,190.0,0.8796019554138184,0.41710957884788513,0.8053691387176514,0.889032244682312,0.8548387289047241,689.0,151.0,117.0,86.0,0.8493813276290894
0.3918125629425049,0.8241073489189148,0.935161292552948,0.8446969985961914,2899.0,540.0,533.0,201.0,0.8645290732383728,0.41819703578948975,0.8034515976905823,0.9096774458885193,0.8392857313156128,705.0,133.0,135.0,70.0,0.8442898392677307
0.37813931703567505,0.8339323997497559,0.9374193549156189,0.8534508347511292,2906.0,574.0,499.0,194.0,0.8771602511405945,0.40632155537605286,0.8120805621147156,0.9109677672386169,0.8475390076637268,706.0,141.0,127.0,69.0,0.8571280837059021
0.37836992740631104,0.8303378820419312,0.9374193549156189,0.8497076034545898,2906.0,559.0,514.0,194.0,0.8749156594276428,0.4096193015575409,0.8063278794288635,0.9367741942405701,0.8259385824203491,726.0,115.0,153.0,49.0,0.8501492738723755
0.3809478282928467,0.8274622559547424,0.9370967745780945,0.8469387888908386,2905.0,548.0,525.0,195.0,0.8743350505828857,0.4185437262058258,0.7986577153205872,0.9458064436912537,0.813540518283844,733.0,100.0,168.0,42.0,0.8436278700828552
0.37939217686653137,0.8351305723190308,0.9396774172782898,0.8532513380050659,2913.0,572.0,501.0,187.0,0.874931812286377,0.4199821352958679,0.8034515976905823,0.9316129088401794,0.8260869383811951,722.0,116.0,152.0,53.0,0.8409702181816101
0.37857478857040405,0.8308171629905701,0.9399999976158142,0.8485730886459351,2914.0,553.0,520.0,186.0,0.8749929666519165,0.44102415442466736,0.7881112098693848,0.9574193358421326,0.7978494763374329,742.0,80.0,188.0,33.0,0.8278670907020569
0.3803546130657196,0.8305774927139282,0.9396774172782898,0.8485289812088013,2913.0,553.0,520.0,187.0,0.8731679320335388,0.4098816514015198,0.8139981031417847,0.9561290144920349,0.8224195241928101,741.0,108.0,160.0,34.0,0.8504165410995483
0.3764173686504364,0.8365684151649475,0.9399999976158142,0.8545454740524292,2914.0,577.0,496.0,186.0,0.8779529929161072,0.40797558426856995,0.8092042207717896,0.9354838728904724,0.8295194506645203,725.0,119.0,149.0,50.0,0.852087140083313
0.37382936477661133,0.8334531784057617,0.940645158290863,0.8508899807929993,2916.0,562.0,511.0,184.0,0.8811304569244385,0.4036096930503845,0.8082454204559326,0.9200000166893005,0.837837815284729,713.0,130.0,138.0,62.0,0.854783296585083
0.36923396587371826,0.8336927890777588,0.9364516139030457,0.8538235425949097,2903.0,576.0,497.0,197.0,0.886415421962738,0.41809919476509094,0.8034515976905823,0.9303225874900818,0.8268348574638367,721.0,117.0,151.0,54.0,0.8429514169692993
0.37150701880455017,0.8339323997497559,0.9377419352531433,0.853243350982666,2907.0,573.0,500.0,193.0,0.8838075399398804,0.4121907651424408,0.8149568438529968,0.9019354581832886,0.8566176295280457,699.0,151.0,117.0,76.0,0.8532065153121948
0.36790668964385986,0.8344116806983948,0.9377419352531433,0.8537445068359375,2907.0,575.0,498.0,193.0,0.8839028477668762,0.4197774827480316,0.8063278794288635,0.9458064436912537,0.8208286762237549,733.0,108.0,160.0,42.0,0.8414347767829895
0.3701635003089905,0.8392044305801392,0.9393548369407654,0.8577319383621216,2912.0,590.0,483.0,188.0,0.8835930824279785,0.4218255281448364,0.8082454204559326,0.948387086391449,0.8212290406227112,735.0,108.0,160.0,40.0,0.8384352326393127
0.37790432572364807,0.8336927890777588,0.940645158290863,0.8511383533477783,2916.0,563.0,510.0,184.0,0.8768827319145203,0.44053909182548523,0.7852349281311035,0.9032257795333862,0.8244994282722473,700.0,119.0,149.0,75.0,0.8161988258361816
0.3742719292640686,0.8348909616470337,0.9383870959281921,0.8538303375244141,2909.0,575.0,498.0,191.0,0.8811167478561401,0.40631207823753357,0.8283796906471252,0.9432258009910583,0.8441108465194702,731.0,133.0,135.0,44.0,0.8469547629356384
0.3772139847278595,0.831536054611206,0.9370967745780945,0.8511573672294617,2905.0,565.0,508.0,195.0,0.8768686056137085,0.4055171608924866,0.8139981031417847,0.9277419447898865,0.8389731645584106,719.0,130.0,138.0,56.0,0.8537169694900513
0.3716285228729248,0.8351305723190308,0.939032256603241,0.8536657094955444,2911.0,574.0,499.0,189.0,0.8804736733436584,0.4328511357307434,0.7871524691581726,0.9522580504417419,0.7995666265487671,738.0,83.0,185.0,37.0,0.834821879863739
0.37213414907455444,0.8353702425956726,0.9416128993034363,0.8522627949714661,2919.0,567.0,506.0,181.0,0.8819326162338257,0.43402090668678284,0.791946291923523,0.8670967817306519,0.8549618124961853,672.0,154.0,114.0,103.0,0.8312638401985168
0.3689236044883728,0.832015335559845,0.9370967745780945,0.8516563773155212,2905.0,567.0,506.0,195.0,0.8836513757705688,0.3922954201698303,0.8283796906471252,0.948387086391449,0.8409610986709595,735.0,129.0,139.0,40.0,0.8637217283248901
0.3678358495235443,0.8372873067855835,0.9396774172782898,0.8555065989494324,2913.0,581.0,492.0,187.0,0.8824930191040039,0.4199207127094269,0.8092042207717896,0.9432258009910583,0.8250564336776733,731.0,113.0,155.0,44.0,0.8353418111801147
0.3674352169036865,0.8389647603034973,0.9377419352531433,0.8585351705551147,2907.0,594.0,479.0,193.0,0.8857038021087646,0.3962710499763489,0.8111217617988586,0.944516122341156,0.8261851072311401,732.0,114.0,154.0,43.0,0.8670775294303894
0.37304580211639404,0.8334531784057617,0.9399999976158142,0.8513000011444092,2914.0,564.0,509.0,186.0,0.8793548345565796,0.42539405822753906,0.7957813739776611,0.8799999952316284,0.8503740429878235,682.0,148.0,120.0,93.0,0.8497953414916992
0.3722110092639923,0.832015335559845,0.9364516139030457,0.8520692586898804,2903.0,569.0,504.0,197.0,0.8826165795326233,0.4178723692893982,0.7967401742935181,0.9432258009910583,0.8131256699562073,731.0,100.0,168.0,44.0,0.8515093922615051
0.36958348751068115,0.8329738974571228,0.9367741942405701,0.8528634309768677,2904.0,572.0,501.0,196.0,0.8831957578659058,0.41778627038002014,0.8024927973747253,0.9496774077415466,0.8150609135627747,736.0,101.0,167.0,39.0,0.8471930623054504
0.36796244978904724,0.8399233222007751,0.9393548369407654,0.8584905862808228,2912.0,593.0,480.0,188.0,0.8832740783691406,0.40774762630462646,0.8063278794288635,0.9329032301902771,0.8281787037849426,723.0,118.0,150.0,52.0,0.8474578857421875
0.3747434914112091,0.8339323997497559,0.935161292552948,0.8549100756645203,2899.0,581.0,492.0,201.0,0.8760863542556763,0.41404393315315247,0.8082454204559326,0.9522580504417419,0.8190898895263672,738.0,105.0,163.0,37.0,0.849535346031189
0.37502798438072205,0.8255451917648315,0.9309677481651306,0.8488235473632812,2886.0,559.0,514.0,214.0,0.8777318596839905,0.3922163248062134,0.818791925907135,0.9122580885887146,0.8538647294044495,707.0,147.0,121.0,68.0,0.8661675453186035
0.36563268303871155,0.8375269770622253,0.9341935515403748,0.8593471646308899,2896.0,599.0,474.0,204.0,0.8852053284645081,0.413911908864975,0.8044103384017944,0.9690322875976562,0.8066595196723938,751.0,88.0,180.0,24.0,0.8595209121704102
0.3715701401233673,0.8363288044929504,0.9374193549156189,0.8559646606445312,2906.0,584.0,489.0,194.0,0.8805119395256042,0.4119929373264313,0.8044103384017944,0.9225806593894958,0.8323631882667542,715.0,124.0,144.0,60.0,0.8507005572319031
0.3695124387741089,0.8344116806983948,0.9361290335655212,0.8547864556312561,2902.0,580.0,493.0,198.0,0.8831154704093933,0.3938940465450287,0.8197507262229919,0.9587096571922302,0.8264738321304321,743.0,112.0,156.0,32.0,0.8707679510116577
0.36552631855010986,0.8406422138214111,0.9393548369407654,0.859250545501709,2912.0,596.0,477.0,188.0,0.8845840692520142,0.4143366813659668,0.8005752563476562,0.9200000166893005,0.8300349116325378,713.0,122.0,146.0,62.0,0.8453153371810913
0.35919269919395447,0.84112149477005,0.9393548369407654,0.8597579002380371,2912.0,598.0,475.0,188.0,0.8929229378700256,0.40281978249549866,0.8044103384017944,0.9367741942405701,0.8240635395050049,726.0,113.0,155.0,49.0,0.8599928021430969
0.36382800340652466,0.8444764018058777,0.9403225779533386,0.8626812696456909,2915.0,609.0,464.0,185.0,0.8883324265480042,0.4068251848220825,0.8024927973747253,0.9548386931419373,0.8122941851615906,740.0,97.0,171.0,35.0,0.8594246506690979
0.36885011196136475,0.8384854793548584,0.9393548369407654,0.8569746613502502,2912.0,587.0,486.0,188.0,0.8827353119850159,0.4031958281993866,0.8034515976905823,0.9354838728904724,0.8238636255264282,725.0,113.0,155.0,50.0,0.8568223714828491
0.35930758714675903,0.8356098532676697,0.9364516139030457,0.8558372855186462,2903.0,584.0,489.0,197.0,0.8920168280601501,0.4265258014202118,0.7967401742935181,0.9599999785423279,0.8043243288993835,744.0,87.0,181.0,31.0,0.8464852571487427
0.36442258954048157,0.8372873067855835,0.9387096762657166,0.8561341762542725,2910.0,584.0,489.0,190.0,0.8866045475006104,0.42527565360069275,0.8092042207717896,0.9083871245384216,0.8461538553237915,704.0,140.0,128.0,71.0,0.8316081166267395
0.3610759377479553,0.84112149477005,0.9396774172782898,0.8595455884933472,2913.0,597.0,476.0,187.0,0.8879002332687378,0.3958316445350647,0.8092042207717896,0.9574193358421326,0.8171806335449219,742.0,102.0,166.0,33.0,0.8687458038330078
0.35661450028419495,0.8451952934265137,0.9454838633537292,0.860035240650177,2931.0,596.0,477.0,169.0,0.8932794332504272,0.4130701422691345,0.8034515976905823,0.9122580885887146,0.8376777172088623,707.0,131.0,137.0,68.0,0.8473351001739502
0.35778263211250305,0.840881884098053,0.9393548369407654,0.8595041036605835,2912.0,597.0,476.0,188.0,0.8934519290924072,0.4303183853626251,0.8072866797447205,0.8696774244308472,0.8708010315895081,674.0,168.0,100.0,101.0,0.84327632188797
0.36619964241981506,0.8368080258369446,0.9329032301902771,0.8594353795051575,2892.0,600.0,473.0,208.0,0.8848356604576111,0.4178641736507416,0.794822633266449,0.9329032301902771,0.8169491291046143,723.0,106.0,162.0,52.0,0.8404645919799805
0.35121971368789673,0.8442367315292358,0.9361290335655212,0.8652355670928955,2902.0,621.0,452.0,198.0,0.8955850601196289,0.4114343523979187,0.8072866797447205,0.9535483717918396,0.8174778819084167,739.0,103.0,165.0,36.0,0.8536061644554138
0.3624309003353119,0.8420800566673279,0.9409677386283875,0.8597111701965332,2917.0,597.0,476.0,183.0,0.8880261778831482,0.4193785786628723,0.8082454204559326,0.8993548154830933,0.851037859916687,697.0,146.0,122.0,78.0,0.8417404890060425
0.35369566082954407,0.8439971208572388,0.9409677386283875,0.8617429733276367,2917.0,605.0,468.0,183.0,0.8975843787193298,0.41749200224876404,0.8092042207717896,0.8619354963302612,0.878947377204895,668.0,176.0,92.0,107.0,0.8587409257888794
0.36427468061447144,0.8389647603034973,0.9348387122154236,0.8604512810707092,2898.0,603.0,470.0,202.0,0.8871592879295349,0.3995959460735321,0.8168743848800659,0.9354838728904724,0.8371824622154236,725.0,127.0,141.0,50.0,0.8571786880493164
0.3523203432559967,0.8437575101852417,0.9383870959281921,0.8632047772407532,2909.0,612.0,461.0,191.0,0.896643877029419,0.4026552736759186,0.8111217617988586,0.9367741942405701,0.8306636214256287,726.0,120.0,148.0,49.0,0.8546268343925476
0.36283767223358154,0.8394440412521362,0.9367741942405701,0.8596802949905396,2904.0,599.0,474.0,196.0,0.8863312005996704,0.4164191484451294,0.818791925907135,0.9058064222335815,0.8581907153129578,702.0,152.0,116.0,73.0,0.8419331312179565
0.35654428601264954,0.8475916385650635,0.9396774172782898,0.8664485216140747,2913.0,624.0,449.0,187.0,0.8937984108924866,0.42355892062187195,0.797698974609375,0.9509677290916443,0.80989009141922,737.0,95.0,173.0,38.0,0.8406355381011963
0.3626503050327301,0.8396836519241333,0.9383870959281921,0.8588721752166748,2909.0,595.0,478.0,191.0,0.8903098106384277,0.3980262875556946,0.8207094669342041,0.9329032301902771,0.8426573276519775,723.0,133.0,135.0,52.0,0.8558713793754578
0.36277541518211365,0.8389647603034973,0.9361290335655212,0.8595971465110779,2902.0,599.0,474.0,198.0,0.8894842863082886,0.3933946490287781,0.821668267250061,0.9380645155906677,0.8404624462127686,727.0,130.0,138.0,48.0,0.8625565767288208
0.36659860610961914,0.8425593376159668,0.9403225779533386,0.8606436252593994,2915.0,601.0,472.0,185.0,0.8826696872711182,0.423589825630188,0.8015340566635132,0.9393548369407654,0.8198198080062866,728.0,108.0,160.0,47.0,0.83092200756073
0.35484349727630615,0.840881884098053,0.940645158290863,0.8586572408676147,2916.0,593.0,480.0,184.0,0.8949488997459412,0.430460125207901,0.7929050922393799,0.9677419066429138,0.7970244288444519,750.0,77.0,191.0,25.0,0.8526504039764404
0.36643707752227783,0.8360891342163086,0.9380645155906677,0.8552941083908081,2908.0,581.0,492.0,192.0,0.8855185508728027,0.4038529098033905,0.8092042207717896,0.9303225874900818,0.8325635194778442,721.0,123.0,145.0,54.0,0.8592560887336731
0.37066492438316345,0.832254946231842,0.9338709712028503,0.8539823293685913,2895.0,578.0,495.0,205.0,0.8817360401153564,0.40822672843933105,0.8034515976905823,0.9432258009910583,0.8195067048072815,731.0,107.0,161.0,44.0,0.8509532809257507
0.35846948623657227,0.8370476961135864,0.9364516139030457,0.8573538064956665,2903.0,590.0,483.0,197.0,0.8929478526115417,0.398189514875412,0.8149568438529968,0.9380645155906677,0.8337156176567078,727.0,123.0,145.0,48.0,0.8596196174621582
0.3605909049510956,0.841600775718689,0.9361290335655212,0.8624071478843689,2902.0,610.0,463.0,198.0,0.8878365159034729,0.4177795946598053,0.8034515976905823,0.9341935515403748,0.8246013522148132,724.0,114.0,154.0,51.0,0.8354766368865967
0.35585635900497437,0.8401629328727722,0.9280645251274109,0.8663053512573242,2877.0,629.0,444.0,223.0,0.8932244181632996,0.425250768661499,0.8053691387176514,0.9793548583984375,0.8023256063461304,759.0,81.0,187.0,16.0,0.851752519607544
0.35823214054107666,0.8387251496315002,0.9335483908653259,0.8610532283782959,2894.0,606.0,467.0,206.0,0.8908612728118896,0.3879757523536682,0.8178331851959229,0.9341935515403748,0.8389339447021484,724.0,129.0,139.0,51.0,0.8678069114685059
0.3672677278518677,0.8389647603034973,0.935161292552948,0.8602373600006104,2899.0,602.0,471.0,201.0,0.8850252628326416,0.4015011787414551,0.8082454204559326,0.9664515852928162,0.8114842772483826,749.0,94.0,174.0,26.0,0.8647664785385132
0.34811392426490784,0.8492690920829773,0.9412903189659119,0.8671619892120361,2918.0,626.0,447.0,182.0,0.8976624608039856,0.3992747366428375,0.8149568438529968,0.9200000166893005,0.8447867035865784,713.0,137.0,131.0,62.0,0.8574819564819336
0.3655906617641449,0.8404026031494141,0.9361290335655212,0.8611276149749756,2902.0,605.0,468.0,198.0,0.8852280974388123,0.3956373333930969,0.8072866797447205,0.9380645155906677,0.8261363506317139,727.0,115.0,153.0,48.0,0.8627467751502991
0.35414040088653564,0.8504672646522522,0.9419354796409607,0.8680142760276794,2920.0,629.0,444.0,180.0,0.8916093111038208,0.41330215334892273,0.8139981031417847,0.9096774458885193,0.850422203540802,705.0,144.0,124.0,70.0,0.8464034795761108
